time,pyfile,data_shape,random_num,model,model_structure,loss,optimizer,learning_rate,epochs,batch_size,train_second,first_loss,last_loss,test_loss,sub_score,train_ration,total_params
2026-09-23 11:07:21,keras52_optimizer10_digits.py,"(1437, 64)",42,sequential,Dense 256(relu) -> 256(relu) -> 256(relu) -> Dropout (0.2) -> Dense 128(relu) -> 128(relu) -> 128(relu) -> Dropout (0.2) -> Dense 64(relu) -> 64(relu) -> Dropout (0.3) -> Dense 32(relu) -> 32(relu) -> 32(relu) -> 32(relu) -> Dropout (0.5) -> Dense 16(relu) -> 16(relu) -> 10(softmax),categorical_crossentropy,Adam,0.0010000000474974513,100,256,5.256,2.2892343997955322,0.9372289180755615,0.7258911728858948,0.8500000238418579,0,232778
2026-09-23 11:08:02,keras52_optimizer10_digits.py,"(1437, 64)",42,sequential,Dense 256(relu) -> 256(relu) -> 256(relu) -> Dropout (0.2) -> Dense 128(relu) -> 128(relu) -> 128(relu) -> Dropout (0.2) -> Dense 64(relu) -> 64(relu) -> Dropout (0.3) -> Dense 32(relu) -> 32(relu) -> 32(relu) -> 32(relu) -> Dropout (0.5) -> Dense 16(relu) -> 16(relu) -> 10(softmax),categorical_crossentropy,Adam,9.999999747378752e-05,351,256,17.58,2.302534818649292,0.3800361752510071,0.36308953166007996,0.8888888955116272,0,232778
2026-09-23 11:08:18,keras52_optimizer10_digits.py,"(1437, 64)",42,sequential,Dense 256(relu) -> 256(relu) -> 256(relu) -> Dropout (0.2) -> Dense 128(relu) -> 128(relu) -> 128(relu) -> Dropout (0.2) -> Dense 64(relu) -> 64(relu) -> Dropout (0.3) -> Dense 32(relu) -> 32(relu) -> 32(relu) -> 32(relu) -> Dropout (0.5) -> Dense 16(relu) -> 16(relu) -> 10(softmax),categorical_crossentropy,Adam,0.004999999888241291,97,256,4.987,2.2706048488616943,1.4969536066055298,0.7957482933998108,0.8527777791023254,0,232778
2026-09-23 11:09:22,keras52_optimizer10_digits.py,"(1437, 64)",42,sequential,Dense 256(relu) -> 256(relu) -> 256(relu) -> Dropout (0.2) -> Dense 128(relu) -> 128(relu) -> 128(relu) -> Dropout (0.2) -> Dense 64(relu) -> 64(relu) -> Dropout (0.3) -> Dense 32(relu) -> 32(relu) -> 32(relu) -> 32(relu) -> Dropout (0.5) -> Dense 16(relu) -> 16(relu) -> 10(softmax),categorical_crossentropy,Adam,4.999999873689376e-05,956,256,48.551,2.302983045578003,0.3184787333011627,0.26584523916244507,0.9666666388511658,0,232778
2026-09-26 23:15:21,keras53_ReduceLR10_digits.py,"(1437, 64)",42,sequential,Dense 256(relu) -> 256(relu) -> 256(relu) -> Dropout (0.2) -> Dense 128(relu) -> 128(relu) -> 128(relu) -> Dropout (0.2) -> Dense 64(relu) -> 64(relu) -> Dropout (0.3) -> Dense 32(relu) -> 32(relu) -> 32(relu) -> 32(relu) -> Dropout (0.5) -> Dense 16(relu) -> 16(relu) -> 10(softmax),categorical_crossentropy,Adam,1.9531249506599124e-07,258,256,11.755,2.3028781414031982,1.451450228691101,1.3296866416931152,0.5027777552604675,0,232778
2026-09-26 23:16:10,keras53_ReduceLR10_digits.py,"(1437, 64)",42,sequential,Dense 256(relu) -> 256(relu) -> 256(relu) -> Dropout (0.2) -> Dense 128(relu) -> 128(relu) -> 128(relu) -> Dropout (0.2) -> Dense 64(relu) -> 64(relu) -> Dropout (0.3) -> Dense 32(relu) -> 32(relu) -> 32(relu) -> 32(relu) -> Dropout (0.5) -> Dense 16(relu) -> 16(relu) -> 10(softmax),categorical_crossentropy,Adam,3.906250185536919e-06,89,256,4.445,2.301907539367676,0.9791626334190369,0.8434127569198608,0.6166666746139526,0,232778
2026-09-26 23:16:25,keras53_ReduceLR10_digits.py,"(1437, 64)",42,sequential,Dense 256(relu) -> 256(relu) -> 256(relu) -> Dropout (0.2) -> Dense 128(relu) -> 128(relu) -> 128(relu) -> Dropout (0.2) -> Dense 64(relu) -> 64(relu) -> Dropout (0.3) -> Dense 32(relu) -> 32(relu) -> 32(relu) -> 32(relu) -> Dropout (0.5) -> Dense 16(relu) -> 16(relu) -> 10(softmax),categorical_crossentropy,Adam,3.125000148429535e-05,61,256,3.514,2.2748022079467773,1.5954192876815796,1.0222797393798828,0.5972222089767456,0,232778
2026-10-07 10:32:39,keras68_Conv1D_10_digits.py,"(1437, 64, 1)",42,sequential,Conv1D 128[2](relu) -> 128[2](relu) -> MaxPooling1D 128 -> Dropout (0.2) -> Conv1D 256[2](relu) -> MaxPooling1D 256 -> Dropout (0.2) -> GlobalAveragePooling1D 256 -> Dense 256(relu) -> 256(relu) -> 256(relu) -> 256(relu) -> 256(relu) -> 256(relu) -> 10(softmax),categorical_crossentropy,Adam,0.004999999888241291,31,8,20.36,2.3097712993621826,2.3167123794555664,2.3037590980529785,0.0972222238779068,0,496394
2026-10-07 10:33:36,keras68_Conv1D_10_digits.py,"(1437, 64, 1)",42,sequential,Conv1D 32[2](relu) -> 32[2](relu) -> MaxPooling1D 32 -> Dropout (0.2) -> Conv1D 64[2](relu) -> MaxPooling1D 64 -> Dropout (0.2) -> GlobalAveragePooling1D 64 -> Dense 256(relu) -> 256(relu) -> 256(relu) -> 256(relu) -> 256(relu) -> 256(relu) -> 10(softmax),categorical_crossentropy,Adam,0.004999999888241291,31,8,20.02,2.3125717639923096,2.317247152328491,2.3042805194854736,0.0972222238779068,0,354506
2026-10-07 10:35:11,keras68_Conv1D_10_digits.py,"(1437, 64, 1)",42,sequential,Conv1D 32[2](relu) -> 32[2](relu) -> MaxPooling1D 32 -> Dropout (0.2) -> Conv1D 64[2](relu) -> Dropout (0.2) -> Flatten 1920 -> Dense 256(relu) -> 256(relu) -> 256(relu) -> 256(relu) -> 256(relu) -> 256(relu) -> 10(softmax),categorical_crossentropy,Adam,0.004999999888241291,69,8,37.82,2.3171322345733643,2.3180463314056396,2.304532289505005,0.0972222238779068,0,829642
